{
  "layout":{
    "children":[
      {
        "cls":"starling.display.Image",
        "constructorParams":[
          {
            "cls":"starling.textures.Texture",
            "textureName":"generic_popup_bg"
          }
        ],
        "customParams":{},
        "params":{
          "name":"generic_popup_bg",
          "scale9Grid":{
            "cls":"flash.geom.Rectangle",
            "customParams":{},
            "params":{
              "height":30.9,
              "x":319,
              "y":28.84
            }
          },
          "scaleY":6.26,
          "x":-1.5,
          "y":51
        }
      },
      {
        "cls":"starling.display.Image",
        "constructorParams":[
          {
            "cls":"starling.textures.Texture",
            "textureName":"generic_box_white"
          }
        ],
        "customParams":{},
        "params":{
          "name":"generic_box_white",
          "scale9Grid":{
            "cls":"flash.geom.Rectangle",
            "customParams":{},
            "params":{
              "height":22.8,
              "width":21.6,
              "x":16.2,
              "y":17.1
            }
          },
          "scaleX":10.19,
          "scaleY":7.95,
          "x":42.5,
          "y":83.5
        }
      },
      {
        "cls":"starling.display.Button",
        "constructorParams":[
          {
            "cls":"starling.textures.Texture",
            "textureName":"generic_exit"
          }
        ],
        "customParams":{},
        "params":{
          "height":73,
          "name":"generic_exit",
          "textFormat":{
            "cls":"starling.text.TextFormat",
            "customParams":{},
            "params":{}
          },
          "width":77,
          "x":559.5,
          "y":41
        }
      },
      {
        "cls":"starling.display.Image",
        "constructorParams":[
          {
            "cls":"starling.textures.Texture",
            "textureName":"title_bg"
          }
        ],
        "customParams":{},
        "params":{
          "name":"title_bg",
          "x":108,
          "y":16.5
        }
      },
      {
        "cls":"starling.display.Image",
        "constructorParams":[
          {
            "cls":"starling.textures.Texture",
            "textureName":"connectFB_image"
          }
        ],
        "customParams":{},
        "params":{
          "name":"connectFB_image",
          "x":73,
          "y":122.5
        }
      },
      {
        "cls":"starling.text.TextField",
        "constructorParams":[
          {
            "value":200
          },
          {
            "value":100
          },
          {
            "value":"Abc123"
          }
        ],
        "customParams":{},
        "params":{
          "autoSize":"bothDirections",
          "format":{
            "cls":"starling.text.TextFormat",
            "customParams":{},
            "params":{
              "color":16777215,
              "font":"lobstertworegular_size54_colorffffff_strokeaf384e_dropshadow560d1b",
              "size":55
            }
          },
          "height":52.96,
          "name":"LobsterTwoRegular_Size54_ColorFFFFFF_StrokeAF384E_DropShadow560D1B",
          "text":"Connect Facebook",
          "width":369.72,
          "x":135.62,
          "y":37.9
        }
      },
      {
        "cls":"starling.text.TextField",
        "constructorParams":[
          {
            "value":200
          },
          {
            "value":100
          },
          {
            "value":"Abc123"
          }
        ],
        "customParams":{},
        "params":{
          "format":{
            "cls":"starling.text.TextFormat",
            "customParams":{},
            "params":{
              "color":10761216,
              "font":"grilledcheesebtn_size36_colorffffff",
              "size":49
            }
          },
          "height":152,
          "name":"GrilledCheeseBTN_Size36_ColoFFFFFF_DropShadow1C0900",
          "text":"Connect Facebook to have more fun!",
          "width":474,
          "x":90.5,
          "y":358
        }
      },
      {
        "cls":"starling.display.Button",
        "constructorParams":[
          {
            "cls":"starling.textures.Texture",
            "textureName":"generic_button_blue"
          }
        ],
        "customParams":{},
        "params":{
          "height":110,
          "name":"generic_button_blue",
          "textFormat":{
            "cls":"starling.text.TextFormat",
            "customParams":{},
            "params":{}
          },
          "width":265,
          "x":189,
          "y":543.5
        }
      }
    ],
    "cls":"starling.display.Sprite",
    "customParams":{
      "container":1
    },
    "params":{
      "name":"root"
    }
  },
  "setting":{
    "canvasColor":16777215,
    "canvasSize":{
      "x":640,
      "y":860
    }
  },
  "version":"2.0"
}